{"cameraMode":{"drawMode":0,"name":"Shaded","section":"Shading Mode"},"sceneLighting":false,"audioPlay":false,"sceneViewState":{"m_AlwaysRefresh":false,"showFog":true,"showSkybox":false,"showFlares":true,"showImageEffects":true,"showParticleSystems":true,"showVisualEffectGraphs":true,"m_FxEnabled":true},"in2DMode":false,"pivot":{"x":-2.9305176734924318,"y":-0.20948734879493714,"z":-3.1509411334991457},"rotation":{"x":0.003450825111940503,"y":0.9943196177482605,"z":-0.10118185728788376,"w":0.034293025732040408},"size":2.9006826877593996,"orthographic":false}