{"cameraMode":{"drawMode":0,"name":"Shaded","section":"Shading Mode"},"sceneLighting":true,"audioPlay":false,"sceneViewState":{"m_AlwaysRefresh":false,"showFog":true,"showSkybox":true,"showFlares":true,"showImageEffects":true,"showParticleSystems":true,"showVisualEffectGraphs":true,"m_FxEnabled":true},"in2DMode":false,"pivot":{"x":-1.3830879926681519,"y":1.2945969104766846,"z":0.390138179063797},"rotation":{"x":-0.05419892445206642,"y":0.5762149095535278,"z":-0.03812985494732857,"w":-0.8147151470184326},"size":1.3547582626342774,"orthographic":false}